电影名,评分,地区,类型,电影链接,海报链接
德雷拉之歌,9.4,美国,情色,https://movie.douban.com/subject/3284794/,https://img3.doubanio.com/lpic/s7026726.jpg
王的哲♂学摔跤,9.2,美国,情色,https://movie.douban.com/subject/2245557/,https://img3.doubanio.com/view/photo/s_ratio_poster/public/p2180258143.jpg
德雷拉之歌,9.4,日本,情色,https://movie.douban.com/subject/3284794/,https://img3.doubanio.com/lpic/s7026726.jpg
疯马秀,9.0,法国,情色,https://movie.douban.com/subject/24706615/,https://img1.doubanio.com/view/photo/s_ratio_poster/public/p2154959558.jpg
1991年莫斯科摇滚音乐节,9.6,美国,暴力,https://movie.douban.com/subject/1870578/,https://img1.doubanio.com/view/photo/s_ratio_poster/public/p2157965357.jpg
魔法门之英雄无敌3：死亡阴影,9.4,美国,暴力,https://movie.douban.com/subject/4935231/,https://img3.doubanio.com/lpic/s4432480.jpg
UFC一百场最伟大的比赛,9.3,美国,暴力,https://movie.douban.com/subject/4169014/,https://img1.doubanio.com/lpic/s4077247.jpg
教父,9.2,美国,暴力,https://movie.douban.com/subject/1291841/,https://img3.doubanio.com/view/photo/s_ratio_poster/public/p2190556185.jpg
欢乐树的朋友们：赶尽杀绝,9.2,美国,暴力,https://movie.douban.com/subject/3075070/,https://img3.doubanio.com/lpic/s1806732.jpg
欢乐树的朋友们：第二发球,9.2,美国,暴力,https://movie.douban.com/subject/1393471/,https://img3.doubanio.com/view/photo/s_ratio_poster/public/p2162261726.jpg
欢乐树的朋友们：第三击,9.2,美国,暴力,https://movie.douban.com/subject/1393472/,https://img3.doubanio.com/lpic/s1806711.jpg
欢乐树的朋友们：寒假,9.2,美国,暴力,https://movie.douban.com/subject/1872077/,https://img3.doubanio.com/lpic/s1806745.jpg
两杆大烟枪,9.1,美国,暴力,https://movie.douban.com/subject/1293350/,https://img1.doubanio.com/view/photo/s_ratio_poster/public/p792443418.jpg
教父2,9.1,美国,暴力,https://movie.douban.com/subject/1299131/,https://img1.doubanio.com/view/photo/s_ratio_poster/public/p2194138787.jpg
欢乐树的朋友们,9.1,美国,暴力,https://movie.douban.com/subject/4181031/,https://img3.doubanio.com/view/photo/s_ratio_poster/public/p1269191733.jpg
欢乐树的朋友们：滑雪巡逻救生队,9.1,美国,暴力,https://movie.douban.com/subject/3075092/,https://img3.doubanio.com/lpic/s3622650.jpg
蝙蝠侠：黑暗骑士,9.0,美国,暴力,https://movie.douban.com/subject/1851857/,https://img3.doubanio.com/view/photo/s_ratio_poster/public/p462657443.jpg
欢乐树的朋友们：第一滴血,9.0,美国,暴力,https://movie.douban.com/subject/1393470/,https://img1.doubanio.com/lpic/s1806727.jpg
欢乐树的朋友们：鼹鼠进城,9.0,美国,暴力,https://movie.douban.com/subject/1872083/,https://img1.doubanio.com/lpic/s1806738.jpg
两杆大烟枪,9.1,英国,暴力,https://movie.douban.com/subject/1293350/,https://img1.doubanio.com/view/photo/s_ratio_poster/public/p792443418.jpg
蝙蝠侠：黑暗骑士,9.0,英国,暴力,https://movie.douban.com/subject/1851857/,https://img3.doubanio.com/view/photo/s_ratio_poster/public/p462657443.jpg
欢乐树的朋友们：第一滴血,9.0,英国,暴力,https://movie.douban.com/subject/1393470/,https://img1.doubanio.com/lpic/s1806727.jpg
1991年莫斯科摇滚音乐节,9.6,俄罗斯,暴力,https://movie.douban.com/subject/1870578/,https://img1.doubanio.com/view/photo/s_ratio_poster/public/p2157965357.jpg
迈克尔·杰克逊：音乐历史专辑全集,9.6,美国,恐怖,https://movie.douban.com/subject/2122919/,https://img3.doubanio.com/lpic/s2541232.jpg
欢乐树的朋友们：赶尽杀绝,9.2,美国,恐怖,https://movie.douban.com/subject/3075070/,https://img3.doubanio.com/lpic/s1806732.jpg
欢乐树的朋友们：第三击,9.2,美国,恐怖,https://movie.douban.com/subject/1393472/,https://img3.doubanio.com/lpic/s1806711.jpg
颤栗,9.2,美国,恐怖,https://movie.douban.com/subject/3266978/,https://img1.doubanio.com/view/photo/s_ratio_poster/public/p457633209.jpg
鬼怪,9.2,美国,恐怖,https://movie.douban.com/subject/2135590/,https://img1.doubanio.com/view/photo/s_ratio_poster/public/p2323125538.jpg
欢乐树的朋友们,9.1,美国,恐怖,https://movie.douban.com/subject/4181031/,https://img3.doubanio.com/view/photo/s_ratio_poster/public/p1269191733.jpg
欢乐树的朋友们：滑雪巡逻救生队,9.1,美国,恐怖,https://movie.douban.com/subject/3075092/,https://img3.doubanio.com/lpic/s3622650.jpg
辛普森一家之万圣节专辑之恐怖树屋,9.1,美国,恐怖,https://movie.douban.com/subject/2296049/,https://img3.doubanio.com/lpic/s2753652.jpg
欢乐树的朋友们：第一滴血,9.0,美国,恐怖,https://movie.douban.com/subject/1393470/,https://img1.doubanio.com/lpic/s1806727.jpg
Eddie Izzard: Dress to Kill,9.0,美国,恐怖,https://movie.douban.com/subject/1866427/,https://img3.doubanio.com/view/photo/s_ratio_poster/public/p2180891675.jpg
空之境界 未来福音,9.1,日本,恐怖,https://movie.douban.com/subject/11499092/,https://img1.doubanio.com/view/photo/s_ratio_poster/public/p2037135869.jpg
四月一日灵异事件簿·笼,9.0,日本,恐怖,https://movie.douban.com/subject/5337533/,https://img3.doubanio.com/view/photo/s_ratio_poster/public/p2228426613.jpg
绅士联盟舞台剧,9.6,英国,恐怖,https://movie.douban.com/subject/20491284/,https://img3.doubanio.com/view/photo/s_ratio_poster/public/p2235065102.jpg
欢乐树的朋友们：第一滴血,9.0,英国,恐怖,https://movie.douban.com/subject/1393470/,https://img1.doubanio.com/lpic/s1806727.jpg
Eddie Izzard: Dress to Kill,9.0,英国,恐怖,https://movie.douban.com/subject/1866427/,https://img3.doubanio.com/view/photo/s_ratio_poster/public/p2180891675.jpg
负重前行,9.0,澳大利亚,恐怖,https://movie.douban.com/subject/26793157/,https://img1.doubanio.com/view/photo/s_ratio_poster/public/p2495304867.jpg
